{"cameraMode":{"drawMode":0,"name":"Shaded","section":"Shading Mode"},"sceneLighting":true,"audioPlay":false,"sceneViewState":{"showFog":true,"showMaterialUpdate":false,"showSkybox":true,"showFlares":true,"showImageEffects":true,"showParticleSystems":true},"in2DMode":false,"pivot":{"x":273.67059326171877,"y":708.35888671875,"z":-43.70970153808594},"rotation":{"x":-0.2629392743110657,"y":-0.20471973717212678,"z":0.05546807125210762,"w":-0.9421866536140442},"size":268.6007080078125,"orthographic":false}