{"cameraMode":{"drawMode":0,"name":"Shaded","section":"Shading Mode"},"sceneLighting":true,"audioPlay":false,"sceneViewState":{"showFog":true,"showMaterialUpdate":false,"showSkybox":true,"showFlares":true,"showImageEffects":true,"showParticleSystems":true},"in2DMode":false,"pivot":{"x":15.18452262878418,"y":5.890244960784912,"z":-32.177650451660159},"rotation":{"x":-0.011952243745326996,"y":-0.9857391715049744,"z":0.14778006076812745,"w":-0.07973086833953858},"size":22.0,"orthographic":false}