{"cameraMode":{"drawMode":0,"name":"Shaded","section":"Shading Mode"},"sceneLighting":true,"audioPlay":false,"sceneViewState":{"showFog":false,"showMaterialUpdate":false,"showSkybox":false,"showFlares":false,"showImageEffects":false,"showParticleSystems":true},"in2DMode":false,"pivot":{"x":669.2924194335938,"y":-137.4036407470703,"z":18.533498764038087},"rotation":{"x":0.016820749267935754,"y":0.015047907829284668,"z":-0.00011032056499971077,"w":1.0003719329833985},"size":268.6005554199219,"orthographic":false}